{"_runtime":24,"_step":0,"epoch":1,"loss":0.6572607022065383,"_timestamp":1.7684812475643046e+09,"_wandb":{"runtime":24}}