{"epoch":20,"loss":0.01344534233570672,"_timestamp":1.7684765387026708e+09,"_step":19,"_wandb":{"runtime":459},"_runtime":459}