{"_runtime":431,"_wandb":{"runtime":431},"loss":0.008989361186440174,"_timestamp":1.7684758034383738e+09,"_step":19,"epoch":20}